{
  "wiki/wiki.md": 1776220050.1456914,
  "wiki/standards/database-conversion.md": 1776220050.1446912,
  "core/docs/standards/database.md": 1776220050.1356912,
  "core/docs/standards/observability.md": 1776220050.136691,
  "core/docs/standards/error-handling.md": 1776220050.1356912,
  "core/docs/standards/security.md": 1776220050.136691,
  "core/docs/standards/api-design.md": 1776220050.1356912,
  "core/docs/standards/scaffolding.md": 1776220050.136691,
  "core/docs/standards/testing.md": 1776220050.136691,
  "core/docs/standards/mcp-safety.md": 1776220050.1356912,
  "core/docs/standards/workflow-discipline.md": 1776220050.136691,
  "core/docs/standards/code-quality.md": 1776220050.1356912,
  "core/docs/standards/data-privacy.md": 1776220050.1356912,
  "guides/conversion-patterns-guide.md": 1776220050.1436913,
  "core/templates/story.md": 1776220050.1386912,
  "core/templates/lint-report.md": 1776220050.137691,
  "core/templates/adr.md": 1776220050.137691,
  "core/templates/concept.md": 1776220050.137691,
  "core/templates/draft.md": 1776220050.137691,
  "core/templates/runbook.md": 1776220050.137691,
  "core/templates/state-of-play.md": 1776220050.137691,
  "core/templates/epic.md": 1776220050.137691,
  "core/templates/story-completion.md": 1776220050.137691,
  "core/templates/component.md": 1776220050.137691,
  "core/templates/pipeline-stage.md": 1776220050.137691
}